j,0,1,2,3,4,5,6,7,8,9,10,11,12,13,14,15,16,17,18,19,20,21,22,23,24,25,26,27,28,29,30,31,32,33,34,35,36,37,38,39,40,41,42,43,44,45,46,47,48,49,50,51,52,53,54,55,56,57,58,59,60,61,62,63,64,65,66,67,68,69
0,0.000,0.000,0.000,0.000,0.000,0.000,0.000,0.000,0.000,0.000,0.000,0.000,0.000,0.000,0.000,0.000,0.000,0.000,0.000,0.000,0.000,0.000,0.000,0.000,0.000,0.000,0.000,0.000,0.000,0.000,0.000,0.000,0.000,0.000,0.000,0.000,0.000,0.000,0.000,0.000,0.000,0.000,0.000,0.000,0.000,0.000,0.000,0.000,0.000,0.000,0.000,0.000,0.000,0.000,0.000,0.000,0.000,0.000,0.000,0.000,0.000,0.000,0.000,0.000,0.000,0.000,0.000,0.000,0.000,0.000
1,4.000,3.223,2.467,1.858,1.489,1.283,1.126,0.998,0.904,0.838,0.786,0.742,0.703,0.669,0.639,0.612,0.588,0.567,0.547,0.529,0.513,0.498,0.483,0.470,0.458,0.447,0.436,0.426,0.417,0.408,0.400,0.392,0.384,0.377,0.370,0.364,0.357,0.351,0.346,0.340,0.335,0.330,0.325,0.320,0.316,0.311,0.307,0.303,0.299,0.295,0.292,0.288,0.284,0.281,0.278,0.274,0.271,0.268,0.265,0.262,0.259,0.256,0.253,0.250,0.247,0.244,0.241,0.238,0.235,0.233
2,4.000,3.878,3.474,2.896,2.514,2.335,2.186,2.005,1.823,1.671,1.553,1.460,1.382,1.316,1.257,1.205,1.159,1.116,1.078,1.043,1.011,0.981,0.954,0.929,0.905,0.883,0.862,0.842,0.824,0.807,0.790,0.775,0.760,0.746,0.732,0.720,0.707,0.696,0.685,0.674,0.663,0.654,0.644,0.635,0.626,0.617,0.609,0.601,0.593,0.586,0.578,0.571,0.564,0.558,0.551,0.545,0.538,0.532,0.526,0.520,0.514,0.509,0.503,0.497,0.492,0.486,0.480,0.475,0.469,0.464
3,4.000,3.992,3.917,3.585,3.189,2.947,2.818,2.713,2.582,2.430,2.279,2.146,2.032,1.935,1.850,1.775,1.708,1.647,1.592,1.541,1.494,1.451,1.411,1.374,1.340,1.307,1.277,1.248,1.222,1.196,1.172,1.149,1.128,1.107,1.087,1.069,1.051,1.033,1.017,1.001,0.986,0.972,0.957,0.944,0.931,0.918,0.906,0.894,0.883,0.872,0.861,0.851,0.840,0.831,0.821,0.811,0.802,0.793,0.784,0.776,0.767,0.759,0.750,0.742,0.734,0.726,0.718,0.710,0.702,0.693
4,4.000,4.000,4.000,3.927,3.676,3.399,3.209,3.097,3.022,2.945,2.848,2.734,2.616,2.504,2.402,2.310,2.226,2.151,2.081,2.017,1.958,1.903,1.852,1.805,1.761,1.719,1.680,1.643,1.608,1.576,1.544,1.515,1.487,1.460,1.434,1.410,1.387,1.364,1.343,1.322,1.303,1.284,1.265,1.248,1.231,1.214,1.198,1.183,1.168,1.154,1.139,1.126,1.113,1.100,1.087,1.075,1.063,1.051,1.039,1.028,1.017,1.006,0.995,0.985,0.974,0.963,0.953,0.943,0.932,0.922
5,4.000,4.001,4.003,4.001,3.937,3.762,3.552,3.385,3.277,3.214,3.167,3.116,3.047,2.963,2.871,2.780,2.692,2.609,2.532,2.460,2.393,2.330,2.270,2.215,2.163,2.113,2.067,2.023,1.982,1.942,1.905,1.869,1.835,1.803,1.772,1.743,1.714,1.687,1.661,1.636,1.612,1.589,1.567,1.545,1.525,1.504,1.485,1.466,1.448,1.430,1.413,1.397,1.380,1.365,1.349,1.334,1.320,1.305,1.291,1.277,1.264,1.251,1.237,1.224,1.212,1.199,1.186,1.174,1.161,1.149
6,4.000,4.000,4.001,4.003,3.998,3.953,3.833,3.668,3.516,3.407,3.341,3.306,3.280,3.247,3.199,3.137,3.067,2.994,2.921,2.850,2.782,2.716,2.654,2.594,2.537,2.483,2.432,2.383,2.336,2.292,2.249,2.209,2.170,2.133,2.098,2.064,2.032,2.000,1.970,1.941,1.913,1.887,1.861,1.836,1.812,1.788,1.766,1.744,1.722,1.702,1.682,1.662,1.643,1.625,1.607,1.589,1.572,1.555,1.539,1.523,1.507,1.492,1.476,1.461,1.447,1.432,1.417,1.403,1.388,1.374
7,4.000,4.000,4.000,4.001,4.002,3.998,3.968,3.888,3.761,3.622,3.509,3.436,3.398,3.381,3.369,3.349,3.317,3.271,3.218,3.161,3.102,3.043,2.985,2.928,2.872,2.817,2.765,2.714,2.665,2.618,2.573,2.529,2.487,2.447,2.408,2.371,2.335,2.300,2.267,2.235,2.204,2.174,2.145,2.117,2.090,2.064,2.038,2.014,1.990,1.966,1.944,1.922,1.900,1.880,1.859,1.839,1.820,1.801,1.782,1.764,1.746,1.729,1.712,1.695,1.678,1.661,1.645,1.629,1.612,1.596
8,4.000,4.000,4.000,4.000,4.001,4.002,3.998,3.980,3.929,3.833,3.713,3.599,3.515,3.467,3.447,3.442,3.439,3.429,3.407,3.375,3.335,3.291,3.245,3.197,3.149,3.101,3.053,3.005,2.957,2.911,2.866,2.822,2.779,2.737,2.697,2.658,2.620,2.584,2.548,2.514,2.481,2.448,2.417,2.387,2.357,2.329,2.301,2.274,2.248,2.223,2.198,2.174,2.150,2.127,2.105,2.083,2.062,2.041,2.020,2.000,1.980,1.961,1.942,1.923,1.905,1.887,1.869,1.851,1.833,1.815
9,4.000,4.000,4.000,4.000,4.000,4.000,4.001,3.999,3.988,3.956,3.889,3.790,3.681,3.589,3.527,3.496,3.488,3.491,3.495,3.491,3.477,3.455,3.426,3.393,3.357,3.320,3.281,3.242,3.201,3.160,3.119,3.078,3.038,2.998,2.958,2.920,2.882,2.845,2.809,2.774,2.739,2.706,2.673,2.642,2.611,2.581,2.552,2.523,2.495,2.468,2.442,2.416,2.391,2.366,2.342,2.318,2.295,2.273,2.251,2.229,2.208,2.187,2.167,2.147,2.127,2.107,2.088,2.068,2.049,2.030
10,4.000,4.000,4.000,4.000,4.000,4.000,4.000,4.001,4.000,3.993,3.974,3.929,3.854,3.756,3.661,3.586,3.541,3.523,3.523,3.532,3.539,3.540,3.532,3.517,3.496,3.472,3.445,3.417,3.386,3.355,3.322,3.288,3.253,3.218,3.183,3.147,3.112,3.077,3.042,3.008,2.975,2.942,2.909,2.878,2.846,2.816,2.786,2.757,2.728,2.700,2.673,2.646,2.620,2.594,2.569,2.544,2.520,2.496,2.473,2.450,2.428,2.406,2.384,2.363,2.342,2.321,2.300,2.280,2.260,2.239
11,4.000,4.000,4.000,4.000,4.000,4.000,4.000,4.000,4.000,4.000,3.996,3.985,3.957,3.903,3.823,3.731,3.648,3.588,3.556,3.547,3.553,3.565,3.575,3.578,3.575,3.565,3.551,3.533,3.514,3.492,3.469,3.445,3.419,3.391,3.363,3.334,3.304,3.273,3.243,3.212,3.181,3.150,3.120,3.089,3.059,3.030,3.000,2.972,2.943,2.915,2.888,2.861,2.834,2.808,2.783,2.757,2.733,2.708,2.684,2.661,2.638,2.615,2.592,2.570,2.548,2.527,2.505,2.484,2.463,2.442
12,4.000,4.000,4.000,4.000,4.000,4.000,4.000,4.000,4.000,4.000,4.000,3.998,3.992,3.975,3.939,3.878,3.797,3.712,3.641,3.593,3.570,3.568,3.578,3.592,3.603,3.609,3.608,3.603,3.593,3.581,3.567,3.551,3.534,3.516,3.496,3.475,3.452,3.428,3.404,3.378,3.352,3.326,3.299,3.272,3.245,3.217,3.190,3.163,3.136,3.110,3.083,3.057,3.031,3.006,2.980,2.955,2.931,2.906,2.882,2.859,2.835,2.812,2.790,2.767,2.745,2.723,2.701,2.680,2.658,2.637
13,4.000,4.000,4.000,4.000,4.000,4.000,4.000,4.000,4.000,4.000,4.000,4.000,3.999,3.995,3.985,3.963,3.920,3.855,3.776,3.698,3.637,3.599,3.584,3.586,3.599,3.614,3.626,3.633,3.635,3.632,3.626,3.618,3.608,3.597,3.585,3.571,3.557,3.540,3.523,3.504,3.485,3.464,3.443,3.420,3.398,3.375,3.351,3.327,3.303,3.279,3.255,3.231,3.207,3.183,3.159,3.135,3.111,3.088,3.065,3.041,3.019,2.996,2.973,2.951,2.929,2.907,2.886,2.864,2.843,2.821
14,4.000,4.000,4.000,4.000,4.000,4.000,4.000,4.000,4.000,4.000,4.000,4.000,4.000,3.999,3.997,3.992,3.978,3.950,3.902,3.835,3.759,3.688,3.636,3.606,3.596,3.602,3.617,3.632,3.645,3.653,3.656,3.655,3.652,3.647,3.640,3.633,3.625,3.615,3.604,3.592,3.579,3.565,3.550,3.533,3.516,3.498,3.479,3.460,3.440,3.420,3.399,3.378,3.357,3.336,3.314,3.293,3.271,3.249,3.227,3.206,3.184,3.163,3.141,3.120,3.098,3.077,3.056,3.035,3.014,2.993
15,4.000,4.000,4.000,4.000,4.000,4.000,4.000,4.000,4.000,4.000,4.000,4.000,4.000,4.000,4.000,3.999,3.995,3.988,3.970,3.937,3.885,3.817,3.745,3.681,3.637,3.613,3.608,3.617,3.632,3.648,3.661,3.669,3.673,3.673,3.672,3.669,3.665,3.661,3.655,3.649,3.641,3.633,3.624,3.613,3.601,3.589,3.575,3.561,3.546,3.531,3.514,3.497,3.480,3.462,3.444,3.426,3.407,3.388,3.368,3.349,3.329,3.310,3.290,3.270,3.250,3.231,3.211,3.191,3.171,3.151
16,4.000,4.000,4.000,4.000,4.000,4.000,4.000,4.000,4.000,4.000,4.000,4.000,4.000,4.000,4.000,4.000,3.999,3.997,3.993,3.983,3.962,3.925,3.870,3.802,3.734,3.677,3.639,3.620,3.619,3.630,3.645,3.661,3.673,3.682,3.686,3.688,3.688,3.687,3.685,3.682,3.679,3.675,3.670,3.665,3.658,3.651,3.642,3.633,3.623,3.612,3.600,3.588,3.575,3.561,3.547,3.532,3.517,3.501,3.485,3.469,3.452,3.435,3.418,3.400,3.383,3.365,3.347,3.329,3.311,3.292
17,4.000,4.000,4.000,4.000,4.000,4.000,4.000,4.000,4.000,4.000,4.000,4.000,4.000,4.000,4.000,4.000,4.000,4.000,3.999,3.996,3.990,3.977,3.953,3.912,3.855,3.789,3.725,3.674,3.641,3.628,3.629,3.641,3.657,3.672,3.684,3.693,3.697,3.700,3.701,3.701,3.701,3.699,3.698,3.696,3.693,3.689,3.685,3.680,3.674,3.667,3.660,3.652,3.643,3.634,3.623,3.613,3.601,3.589,3.577,3.564,3.551,3.537,3.523,3.508,3.493,3.478,3.463,3.447,3.431,3.415
18,4.000,4.000,4.000,4.000,4.000,4.000,4.000,4.000,4.000,4.000,4.000,4.000,4.000,4.000,4.000,4.000,4.000,4.000,4.000,3.999,3.998,3.994,3.987,3.971,3.944,3.900,3.843,3.779,3.719,3.673,3.645,3.635,3.639,3.651,3.667,3.682,3.693,3.702,3.707,3.710,3.711,3.712,3.713,3.713,3.713,3.712,3.711,3.709,3.706,3.703,3.699,3.695,3.689,3.683,3.677,3.670,3.662,3.654,3.645,3.636,3.626,3.616,3.605,3.593,3.582,3.569,3.557,3.544,3.531,3.517
19,4.000,4.000,4.000,4.000,4.000,4.000,4.000,4.000,4.000,4.000,4.000,4.000,4.000,4.000,4.000,4.000,4.000,4.000,4.000,4.000,4.000,3.999,3.997,3.992,3.983,3.965,3.935,3.889,3.831,3.770,3.714,3.673,3.649,3.642,3.647,3.660,3.676,3.690,3.701,3.709,3.714,3.718,3.720,3.722,3.723,3.724,3.724,3.725,3.724,3.724,3.723,3.721,3.719,3.716,3.712,3.708,3.704,3.699,3.693,3.687,3.680,3.673,3.665,3.657,3.649,3.640,3.630,3.620,3.610,3.599
20,4.000,4.000,4.000,4.000,4.000,4.000,4.000,4.000,4.000,4.000,4.000,4.000,4.000,4.000,4.000,4.000,4.000,4.000,4.000,4.000,4.000,4.000,3.999,3.998,3.996,3.990,3.979,3.959,3.926,3.879,3.822,3.762,3.711,3.673,3.653,3.648,3.655,3.668,3.683,3.697,3.708,3.716,3.721,3.724,3.727,3.729,3.731,3.732,3.734,3.735,3.735,3.736,3.735,3.735,3.734,3.732,3.730,3.728,3.725,3.721,3.717,3.713,3.708,3.703,3.697,3.691,3.684,3.677,3.669,3.662
21,4.000,4.000,4.000,4.000,4.000,4.000,4.000,4.000,4.000,4.000,4.000,4.000,4.000,4.000,4.000,4.000,4.000,4.000,4.000,4.000,4.000,4.000,4.000,4.000,3.999,3.998,3.994,3.988,3.975,3.953,3.918,3.870,3.813,3.756,3.708,3.675,3.657,3.655,3.662,3.676,3.690,3.704,3.714,3.721,3.727,3.730,3.733,3.735,3.737,3.739,3.741,3.743,3.744,3.745,3.746,3.746,3.746,3.745,3.744,3.743,3.741,3.739,3.736,3.733,3.730,3.726,3.722,3.717,3.712,3.707
22,4.000,4.000,4.000,4.000,4.000,4.000,4.000,4.000,4.000,4.000,4.000,4.000,4.000,4.000,4.000,4.000,4.000,4.000,4.000,4.000,4.000,4.000,4.000,4.000,4.000,3.999,3.999,3.997,3.993,3.985,3.971,3.947,3.910,3.861,3.805,3.751,3.707,3.677,3.662,3.661,3.669,3.682,3.697,3.709,3.719,3.726,3.731,3.735,3.738,3.741,3.743,3.745,3.747,3.749,3.751,3.753,3.754,3.755,3.755,3.755,3.755,3.755,3.754,3.753,3.751,3.749,3.747,3.745,3.742,3.739
23,4.000,4.000,4.000,4.000,4.000,4.000,4.000,4.000,4.000,4.000,4.000,4.000,4.000,4.000,4.000,4.000,4.000,4.000,4.000,4.000,4.000,4.000,4.000,4.000,4.000,4.000,4.000,3.999,3.998,3.996,3.991,3.983,3.967,3.941,3.903,3.854,3.799,3.748,3.706,3.679,3.666,3.667,3.675,3.689,3.702,3.715,3.724,3.731,3.736,3.739,3.742,3.745,3.748,3.750,3.752,3.755,3.757,3.759,3.760,3.762,3.763,3.763,3.764,3.764,3.764,3.763,3.763,3.762,3.760,3.759
24,4.000,4.000,4.000,4.000,4.000,4.000,4.000,4.000,4.000,4.000,4.000,4.000,4.000,4.000,4.000,4.000,4.000,4.000,4.000,4.000,4.000,4.000,4.000,4.000,4.000,4.000,4.000,4.000,4.000,3.999,3.998,3.995,3.990,3.980,3.963,3.936,3.896,3.847,3.794,3.745,3.706,3.681,3.671,3.672,3.681,3.694,3.708,3.719,3.728,3.735,3.740,3.743,3.746,3.749,3.752,3.754,3.757,3.759,3.761,3.764,3.765,3.767,3.769,3.770,3.771,3.771,3.772,3.772,3.772,3.772
25,4.000,4.000,4.000,4.000,4.000,4.000,4.000,4.000,4.000,4.000,4.000,4.000,4.000,4.000,4.000,4.000,4.000,4.000,4.000,4.000,4.000,4.000,4.000,4.000,4.000,4.000,4.000,4.000,4.000,4.000,3.999,3.999,3.997,3.994,3.988,3.977,3.959,3.930,3.890,3.841,3.789,3.743,3.706,3.684,3.675,3.677,3.687,3.699,3.712,3.723,3.732,3.738,3.743,3.747,3.750,3.752,3.755,3.758,3.760,3.763,3.765,3.768,3.770,3.772,3.773,3.775,3.776,3.777,3.778,3.779
26,4.000,4.000,4.000,4.000,4.000,4.000,4.000,4.000,4.000,4.000,4.000,4.000,4.000,4.000,4.000,4.000,4.000,4.000,4.000,4.000,4.000,4.000,4.000,4.000,4.000,4.000,4.000,4.000,4.000,4.000,4.000,4.000,3.999,3.998,3.997,3.993,3.987,3.975,3.955,3.925,3.884,3.836,3.786,3.741,3.707,3.687,3.679,3.682,3.692,3.704,3.717,3.727,3.736,3.742,3.746,3.750,3.753,3.756,3.758,3.761,3.764,3.766,3.769,3.771,3.773,3.776,3.777,3.779,3.781,3.782
27,4.000,4.000,4.000,4.000,4.000,4.000,4.000,4.000,4.000,4.000,4.000,4.000,4.000,4.000,4.000,4.000,4.000,4.000,4.000,4.000,4.000,4.000,4.000,4.000,4.000,4.000,4.000,4.000,4.000,4.000,4.000,4.000,4.000,4.000,3.999,3.998,3.996,3.992,3.985,3.972,3.951,3.920,3.879,3.832,3.783,3.740,3.709,3.690,3.684,3.687,3.697,3.709,3.721,3.731,3.739,3.745,3.749,3.753,3.756,3.758,3.761,3.764,3.766,3.769,3.772,3.774,3.777,3.779,3.781,3.783
28,4.000,4.000,4.000,4.000,4.000,4.000,4.000,4.000,4.000,4.000,4.000,4.000,4.000,4.000,4.000,4.000,4.000,4.000,4.000,4.000,4.000,4.000,4.000,4.000,4.000,4.000,4.000,4.000,4.000,4.000,4.000,4.000,4.000,4.000,4.000,3.999,3.999,3.998,3.995,3.991,3.983,3.970,3.948,3.916,3.875,3.828,3.781,3.740,3.710,3.693,3.688,3.691,3.701,3.713,3.724,3.734,3.742,3.748,3.752,3.755,3.758,3.761,3.764,3.766,3.769,3.772,3.774,3.777,3.779,3.782
29,4.000,4.000,4.000,4.000,4.000,4.000,4.000,4.000,4.000,4.000,4.000,4.000,4.000,4.000,4.000,4.000,4.000,4.000,4.000,4.000,4.000,4.000,4.000,4.000,4.000,4.000,4.000,4.000,4.000,4.000,4.000,4.000,4.000,4.000,4.000,4.000,4.000,3.999,3.999,3.997,3.995,3.990,3.981,3.967,3.944,3.912,3.871,3.825,3.779,3.740,3.712,3.696,3.691,3.696,3.705,3.717,3.728,3.737,3.745,3.750,3.754,3.758,3.761,3.763,3.766,3.769,3.771,3.774,3.777,3.779
30,4.000,4.000,4.000,4.000,4.000,4.000,4.000,4.000,4.000,4.000,4.000,4.000,4.000,4.000,4.000,4.000,4.000,4.000,4.000,4.000,4.000,4.000,4.000,4.000,4.000,4.000,4.000,4.000,4.000,4.000,4.000,4.000,4.000,4.000,4.000,4.000,4.000,4.000,4.000,3.999,3.998,3.997,3.994,3.989,3.980,3.965,3.941,3.909,3.868,3.822,3.778,3.741,3.714,3.699,3.695,3.700,3.709,3.720,3.731,3.740,3.747,3.753,3.757,3.760,3.763,3.765,3.768,3.771,3.773,3.776
31,4.000,4.000,4.000,4.000,4.000,4.000,4.000,4.000,4.000,4.000,4.000,4.000,4.000,4.000,4.000,4.000,4.000,4.000,4.000,4.000,4.000,4.000,4.000,4.000,4.000,4.000,4.000,4.000,4.000,4.000,4.000,4.000,4.000,4.000,4.000,4.000,4.000,4.000,4.000,4.000,4.000,3.999,3.998,3.996,3.993,3.988,3.978,3.962,3.939,3.906,3.865,3.820,3.777,3.741,3.716,3.702,3.699,3.703,3.713,3.724,3.734,3.743,3.750,3.755,3.759,3.762,3.765,3.767,3.770,3.773
32,4.000,4.000,4.000,4.000,4.000,4.000,4.000,4.000,4.000,4.000,4.000,4.000,4.000,4.000,4.000,4.000,4.000,4.000,4.000,4.000,4.000,4.000,4.000,4.000,4.000,4.000,4.000,4.000,4.000,4.000,4.000,4.000,4.000,4.000,4.000,4.000,4.000,4.000,4.000,4.000,4.000,4.000,3.999,3.999,3.998,3.996,3.993,3.987,3.977,3.960,3.936,3.903,3.862,3.818,3.777,3.742,3.718,3.705,3.702,3.707,3.716,3.727,3.737,3.746,3.752,3.757,3.761,3.764,3.767,3.769
33,4.000,4.000,4.000,4.000,4.000,4.000,4.000,4.000,4.000,4.000,4.000,4.000,4.000,4.000,4.000,4.000,4.000,4.000,4.000,4.000,4.000,4.000,4.000,4.000,4.000,4.000,4.000,4.000,4.000,4.000,4.000,4.000,4.000,4.000,4.000,4.000,4.000,4.000,4.000,4.000,4.000,4.000,4.000,4.000,3.999,3.999,3.998,3.996,3.992,3.986,3.975,3.958,3.934,3.900,3.860,3.817,3.777,3.744,3.721,3.708,3.706,3.710,3.719,3.730,3.740,3.748,3.755,3.759,3.763,3.766
34,4.000,4.000,4.000,4.000,4.000,4.000,4.000,4.000,4.000,4.000,4.000,4.000,4.000,4.000,4.000,4.000,4.000,4.000,4.000,4.000,4.000,4.000,4.000,4.000,4.000,4.000,4.000,4.000,4.000,4.000,4.000,4.000,4.000,4.000,4.000,4.000,4.000,4.000,4.000,4.000,4.000,4.000,4.000,4.000,4.000,4.000,3.999,3.999,3.997,3.995,3.991,3.985,3.974,3.957,3.932,3.898,3.859,3.817,3.777,3.745,3.723,3.711,3.709,3.714,3.722,3.733,3.742,3.750,3.756,3.762
35,4.000,4.000,4.000,4.000,4.000,4.000,4.000,4.000,4.000,4.000,4.000,4.000,4.000,4.000,4.000,4.000,4.000,4.000,4.000,4.000,4.000,4.000,4.000,4.000,4.000,4.000,4.000,4.000,4.000,4.000,4.000,4.000,4.000,4.000,4.000,4.000,4.000,4.000,4.000,4.000,4.000,4.000,4.000,4.000,4.000,4.000,4.000,4.000,3.999,3.998,3.997,3.995,3.991,3.984,3.972,3.955,3.930,3.897,3.857,3.816,3.778,3.747,3.725,3.714,3.712,3.717,3.725,3.735,3.744,3.753
36,4.000,4.000,4.000,4.000,4.000,4.000,4.000,4.000,4.000,4.000,4.000,4.000,4.000,4.000,4.000,4.000,4.000,4.000,4.000,4.000,4.000,4.000,4.000,4.000,4.000,4.000,4.000,4.000,4.000,4.000,4.000,4.000,4.000,4.000,4.000,4.000,4.000,4.000,4.000,4.000,4.000,4.000,4.000,4.000,4.000,4.000,4.000,4.000,4.000,4.000,3.999,3.998,3.997,3.994,3.990,3.983,3.971,3.953,3.928,3.895,3.856,3.816,3.779,3.748,3.728,3.717,3.715,3.720,3.728,3.737
37,4.000,4.000,4.000,4.000,4.000,4.000,4.000,4.000,4.000,4.000,4.000,4.000,4.000,4.000,4.000,4.000,4.000,4.000,4.000,4.000,4.000,4.000,4.000,4.000,4.000,4.000,4.000,4.000,4.000,4.000,4.000,4.000,4.000,4.000,4.000,4.000,4.000,4.000,4.000,4.000,4.000,4.000,4.000,4.000,4.000,4.000,4.000,4.000,4.000,4.000,4.000,3.999,3.999,3.998,3.997,3.994,3.990,3.982,3.970,3.952,3.927,3.894,3.856,3.816,3.780,3.750,3.730,3.719,3.719,3.719
38,4.000,4.000,4.000,4.000,4.000,4.000,4.000,4.000,4.000,4.000,4.000,4.000,4.000,4.000,4.000,4.000,4.000,4.000,4.000,4.000,4.000,4.000,4.000,4.000,4.000,4.000,4.000,4.000,4.000,4.000,4.000,4.000,4.000,4.000,4.000,4.000,4.000,4.000,4.000,4.000,4.000,4.000,4.000,4.000,4.000,4.000,4.000,4.000,4.000,4.000,4.000,4.000,4.000,3.999,3.999,3.998,3.996,3.994,3.989,3.981,3.969,3.951,3.926,3.893,3.856,3.816,3.782,3.751,3.735,3.719
39,4.000,4.000,4.000,4.000,4.000,4.000,4.000,4.000,4.000,4.000,4.000,4.000,4.000,4.000,4.000,4.000,4.000,4.000,4.000,4.000,4.000,4.000,4.000,4.000,4.000,4.000,4.000,4.000,4.000,4.000,4.000,4.000,4.000,4.000,4.000,4.000,4.000,4.000,4.000,4.000,4.000,4.000,4.000,4.000,4.000,4.000,4.000,4.000,4.000,4.000,4.000,4.000,4.000,4.000,4.000,3.999,3.999,3.998,3.996,3.993,3.989,3.981,3.969,3.950,3.925,3.892,3.856,3.816,3.784,3.752
40,4.000,4.000,4.000,4.000,4.000,4.000,4.000,4.000,4.000,4.000,4.000,4.000,4.000,4.000,4.000,4.000,4.000,4.000,4.000,4.000,4.000,4.000,4.000,4.000,4.000,4.000,4.000,4.000,4.000,4.000,4.000,4.000,4.000,4.000,4.000,4.000,4.000,4.000,4.000,4.000,4.000,4.000,4.000,4.000,4.000,4.000,4.000,4.000,4.000,4.000,4.000,4.000,4.000,4.000,4.000,4.000,4.000,3.999,3.999,3.998,3.996,3.993,3.988,3.980,3.968,3.949,3.924,3.892,3.856,3.820
41,4.000,4.000,4.000,4.000,4.000,4.000,4.000,4.000,4.000,4.000,4.000,4.000,4.000,4.000,4.000,4.000,4.000,4.000,4.000,4.000,4.000,4.000,4.000,4.000,4.000,4.000,4.000,4.000,4.000,4.000,4.000,4.000,4.000,4.000,4.000,4.000,4.000,4.000,4.000,4.000,4.000,4.000,4.000,4.000,4.000,4.000,4.000,4.000,4.000,4.000,4.000,4.000,4.000,4.000,4.000,4.000,4.000,4.000,4.000,3.999,3.999,3.998,3.996,3.993,3.988,3.980,3.967,3.949,3.922,3.895
42,4.000,4.000,4.000,4.000,4.000,4.000,4.000,4.000,4.000,4.000,4.000,4.000,4.000,4.000,4.000,4.000,4.000,4.000,4.000,4.000,4.000,4.000,4.000,4.000,4.000,4.000,4.000,4.000,4.000,4.000,4.000,4.000,4.000,4.000,4.000,4.000,4.000,4.000,4.000,4.000,4.000,4.000,4.000,4.000,4.000,4.000,4.000,4.000,4.000,4.000,4.000,4.000,4.000,4.000,4.000,4.000,4.000,4.000,4.000,4.000,4.000,3.999,3.999,3.998,3.996,3.993,3.987,3.980,3.965,3.951
43,4.000,4.000,4.000,4.000,4.000,4.000,4.000,4.000,4.000,4.000,4.000,4.000,4.000,4.000,4.000,4.000,4.000,4.000,4.000,4.000,4.000,4.000,4.000,4.000,4.000,4.000,4.000,4.000,4.000,4.000,4.000,4.000,4.000,4.000,4.000,4.000,4.000,4.000,4.000,4.000,4.000,4.000,4.000,4.000,4.000,4.000,4.000,4.000,4.000,4.000,4.000,4.000,4.000,4.000,4.000,4.000,4.000,4.000,4.000,4.000,4.000,4.000,4.000,3.999,3.998,3.998,3.995,3.993,3.986,3.980
44,4.000,4.000,4.000,4.000,4.000,4.000,4.000,4.000,4.000,4.000,4.000,4.000,4.000,4.000,4.000,4.000,4.000,4.000,4.000,4.000,4.000,4.000,4.000,4.000,4.000,4.000,4.000,4.000,4.000,4.000,4.000,4.000,4.000,4.000,4.000,4.000,4.000,4.000,4.000,4.000,4.000,4.000,4.000,4.000,4.000,4.000,4.000,4.000,4.000,4.000,4.000,4.000,4.000,4.000,4.000,4.000,4.000,4.000,4.000,4.000,4.000,4.000,4.000,4.000,3.999,3.999,3.998,3.997,3.995,3.992
45,4.000,4.000,4.000,4.000,4.000,4.000,4.000,4.000,4.000,4.000,4.000,4.000,4.000,4.000,4.000,4.000,4.000,4.000,4.000,4.000,4.000,4.000,4.000,4.000,4.000,4.000,4.000,4.000,4.000,4.000,4.000,4.000,4.000,4.000,4.000,4.000,4.000,4.000,4.000,4.000,4.000,4.000,4.000,4.000,4.000,4.000,4.000,4.000,4.000,4.000,4.000,4.000,4.000,4.000,4.000,4.000,4.000,4.000,4.000,4.000,4.000,4.000,4.000,4.000,4.000,4.000,3.999,3.999,3.998,3.997
46,4.000,4.000,4.000,4.000,4.000,4.000,4.000,4.000,4.000,4.000,4.000,4.000,4.000,4.000,4.000,4.000,4.000,4.000,4.000,4.000,4.000,4.000,4.000,4.000,4.000,4.000,4.000,4.000,4.000,4.000,4.000,4.000,4.000,4.000,4.000,4.000,4.000,4.000,4.000,4.000,4.000,4.000,4.000,4.000,4.000,4.000,4.000,4.000,4.000,4.000,4.000,4.000,4.000,4.000,4.000,4.000,4.000,4.000,4.000,4.000,4.000,4.000,4.000,4.000,4.000,4.000,4.000,4.000,3.999,3.999
47,4.000,4.000,4.000,4.000,4.000,4.000,4.000,4.000,4.000,4.000,4.000,4.000,4.000,4.000,4.000,4.000,4.000,4.000,4.000,4.000,4.000,4.000,4.000,4.000,4.000,4.000,4.000,4.000,4.000,4.000,4.000,4.000,4.000,4.000,4.000,4.000,4.000,4.000,4.000,4.000,4.000,4.000,4.000,4.000,4.000,4.000,4.000,4.000,4.000,4.000,4.000,4.000,4.000,4.000,4.000,4.000,4.000,4.000,4.000,4.000,4.000,4.000,4.000,4.000,4.000,4.000,4.000,4.000,4.000,4.000
48,4.000,4.000,4.000,4.000,4.000,4.000,4.000,4.000,4.000,4.000,4.000,4.000,4.000,4.000,4.000,4.000,4.000,4.000,4.000,4.000,4.000,4.000,4.000,4.000,4.000,4.000,4.000,4.000,4.000,4.000,4.000,4.000,4.000,4.000,4.000,4.000,4.000,4.000,4.000,4.000,4.000,4.000,4.000,4.000,4.000,4.000,4.000,4.000,4.000,4.000,4.000,4.000,4.000,4.000,4.000,4.000,4.000,4.000,4.000,4.000,4.000,4.000,4.000,4.000,4.000,4.000,4.000,4.000,4.000,4.000
49,4.000,4.000,4.000,4.000,4.000,4.000,4.000,4.000,4.000,4.000,4.000,4.000,4.000,4.000,4.000,4.000,4.000,4.000,4.000,4.000,4.000,4.000,4.000,4.000,4.000,4.000,4.000,4.000,4.000,4.000,4.000,4.000,4.000,4.000,4.000,4.000,4.000,4.000,4.000,4.000,4.000,4.000,4.000,4.000,4.000,4.000,4.000,4.000,4.000,4.000,4.000,4.000,4.000,4.000,4.000,4.000,4.000,4.000,4.000,4.000,4.000,4.000,4.000,4.000,4.000,4.000,4.000,4.000,4.000,4.000
50,4.000,4.000,4.000,4.000,4.000,4.000,4.000,4.000,4.000,4.000,4.000,4.000,4.000,4.000,4.000,4.000,4.000,4.000,4.000,4.000,4.000,4.000,4.000,4.000,4.000,4.000,4.000,4.000,4.000,4.000,4.000,4.000,4.000,4.000,4.000,4.000,4.000,4.000,4.000,4.000,4.000,4.000,4.000,4.000,4.000,4.000,4.000,4.000,4.000,4.000,4.000,4.000,4.000,4.000,4.000,4.000,4.000,4.000,4.000,4.000,4.000,4.000,4.000,4.000,4.000,4.000,4.000,4.000,4.000,4.000
51,4.000,4.000,4.000,4.000,4.000,4.000,4.000,4.000,4.000,4.000,4.000,4.000,4.000,4.000,4.000,4.000,4.000,4.000,4.000,4.000,4.000,4.000,4.000,4.000,4.000,4.000,4.000,4.000,4.000,4.000,4.000,4.000,4.000,4.000,4.000,4.000,4.000,4.000,4.000,4.000,4.000,4.000,4.000,4.000,4.000,4.000,4.000,4.000,4.000,4.000,4.000,4.000,4.000,4.000,4.000,4.000,4.000,4.000,4.000,4.000,4.000,4.000,4.000,4.000,4.000,4.000,4.000,4.000,4.000,4.000
52,4.000,4.000,4.000,4.000,4.000,4.000,4.000,4.000,4.000,4.000,4.000,4.000,4.000,4.000,4.000,4.000,4.000,4.000,4.000,4.000,4.000,4.000,4.000,4.000,4.000,4.000,4.000,4.000,4.000,4.000,4.000,4.000,4.000,4.000,4.000,4.000,4.000,4.000,4.000,4.000,4.000,4.000,4.000,4.000,4.000,4.000,4.000,4.000,4.000,4.000,4.000,4.000,4.000,4.000,4.000,4.000,4.000,4.000,4.000,4.000,4.000,4.000,4.000,4.000,4.000,4.000,4.000,4.000,4.000,4.000
53,4.000,4.000,4.000,4.000,4.000,4.000,4.000,4.000,4.000,4.000,4.000,4.000,4.000,4.000,4.000,4.000,4.000,4.000,4.000,4.000,4.000,4.000,4.000,4.000,4.000,4.000,4.000,4.000,4.000,4.000,4.000,4.000,4.000,4.000,4.000,4.000,4.000,4.000,4.000,4.000,4.000,4.000,4.000,4.000,4.000,4.000,4.000,4.000,4.000,4.000,4.000,4.000,4.000,4.000,4.000,4.000,4.000,4.000,4.000,4.000,4.000,4.000,4.000,4.000,4.000,4.000,4.000,4.000,4.000,4.000
54,4.000,4.000,4.000,4.000,4.000,4.000,4.000,4.000,4.000,4.000,4.000,4.000,4.000,4.000,4.000,4.000,4.000,4.000,4.000,4.000,4.000,4.000,4.000,4.000,4.000,4.000,4.000,4.000,4.000,4.000,4.000,4.000,4.000,4.000,4.000,4.000,4.000,4.000,4.000,4.000,4.000,4.000,4.000,4.000,4.000,4.000,4.000,4.000,4.000,4.000,4.000,4.000,4.000,4.000,4.000,4.000,4.000,4.000,4.000,4.000,4.000,4.000,4.000,4.000,4.000,4.000,4.000,4.000,4.000,4.000
55,4.000,4.000,4.000,4.000,4.000,4.000,4.000,4.000,4.000,4.000,4.000,4.000,4.000,4.000,4.000,4.000,4.000,4.000,4.000,4.000,4.000,4.000,4.000,4.000,4.000,4.000,4.000,4.000,4.000,4.000,4.000,4.000,4.000,4.000,4.000,4.000,4.000,4.000,4.000,4.000,4.000,4.000,4.000,4.000,4.000,4.000,4.000,4.000,4.000,4.000,4.000,4.000,4.000,4.000,4.000,4.000,4.000,4.000,4.000,4.000,4.000,4.000,4.000,4.000,4.000,4.000,4.000,4.000,4.000,4.000
56,4.000,4.000,4.000,4.000,4.000,4.000,4.000,4.000,4.000,4.000,4.000,4.000,4.000,4.000,4.000,4.000,4.000,4.000,4.000,4.000,4.000,4.000,4.000,4.000,4.000,4.000,4.000,4.000,4.000,4.000,4.000,4.000,4.000,4.000,4.000,4.000,4.000,4.000,4.000,4.000,4.000,4.000,4.000,4.000,4.000,4.000,4.000,4.000,4.000,4.000,4.000,4.000,4.000,4.000,4.000,4.000,4.000,4.000,4.000,4.000,4.000,4.000,4.000,4.000,4.000,4.000,4.000,4.000,4.000,4.000
57,4.000,4.000,4.000,4.000,4.000,4.000,4.000,4.000,4.000,4.000,4.000,4.000,4.000,4.000,4.000,4.000,4.000,4.000,4.000,4.000,4.000,4.000,4.000,4.000,4.000,4.000,4.000,4.000,4.000,4.000,4.000,4.000,4.000,4.000,4.000,4.000,4.000,4.000,4.000,4.000,4.000,4.000,4.000,4.000,4.000,4.000,4.000,4.000,4.000,4.000,4.000,4.000,4.000,4.000,4.000,4.000,4.000,4.000,4.000,4.000,4.000,4.000,4.000,4.000,4.000,4.000,4.000,4.000,4.000,4.000
58,4.000,4.000,4.000,4.000,4.000,4.000,4.000,4.000,4.000,4.000,4.000,4.000,4.000,4.000,4.000,4.000,4.000,4.000,4.000,4.000,4.000,4.000,4.000,4.000,4.000,4.000,4.000,4.000,4.000,4.000,4.000,4.000,4.000,4.000,4.000,4.000,4.000,4.000,4.000,4.000,4.000,4.000,4.000,4.000,4.000,4.000,4.000,4.000,4.000,4.000,4.000,4.000,4.000,4.000,4.000,4.000,4.000,4.000,4.000,4.000,4.000,4.000,4.000,4.000,4.000,4.000,4.000,4.000,4.000,4.000
59,4.000,4.000,4.000,4.000,4.000,4.000,4.000,4.000,4.000,4.000,4.000,4.000,4.000,4.000,4.000,4.000,4.000,4.000,4.000,4.000,4.000,4.000,4.000,4.000,4.000,4.000,4.000,4.000,4.000,4.000,4.000,4.000,4.000,4.000,4.000,4.000,4.000,4.000,4.000,4.000,4.000,4.000,4.000,4.000,4.000,4.000,4.000,4.000,4.000,4.000,4.000,4.000,4.000,4.000,4.000,4.000,4.000,4.000,4.000,4.000,4.000,4.000,4.000,4.000,4.000,4.000,4.000,4.000,4.000,4.000
60,4.000,4.000,4.000,4.000,4.000,4.000,4.000,4.000,4.000,4.000,4.000,4.000,4.000,4.000,4.000,4.000,4.000,4.000,4.000,4.000,4.000,4.000,4.000,4.000,4.000,4.000,4.000,4.000,4.000,4.000,4.000,4.000,4.000,4.000,4.000,4.000,4.000,4.000,4.000,4.000,4.000,4.000,4.000,4.000,4.000,4.000,4.000,4.000,4.000,4.000,4.000,4.000,4.000,4.000,4.000,4.000,4.000,4.000,4.000,4.000,4.000,4.000,4.000,4.000,4.000,4.000,4.000,4.000,4.000,4.000
61,4.000,4.000,4.000,4.000,4.000,4.000,4.000,4.000,4.000,4.000,4.000,4.000,4.000,4.000,4.000,4.000,4.000,4.000,4.000,4.000,4.000,4.000,4.000,4.000,4.000,4.000,4.000,4.000,4.000,4.000,4.000,4.000,4.000,4.000,4.000,4.000,4.000,4.000,4.000,4.000,4.000,4.000,4.000,4.000,4.000,4.000,4.000,4.000,4.000,4.000,4.000,4.000,4.000,4.000,4.000,4.000,4.000,4.000,4.000,4.000,4.000,4.000,4.000,4.000,4.000,4.000,4.000,4.000,4.000,4.000
62,4.000,4.000,4.000,4.000,4.000,4.000,4.000,4.000,4.000,4.000,4.000,4.000,4.000,4.000,4.000,4.000,4.000,4.000,4.000,4.000,4.000,4.000,4.000,4.000,4.000,4.000,4.000,4.000,4.000,4.000,4.000,4.000,4.000,4.000,4.000,4.000,4.000,4.000,4.000,4.000,4.000,4.000,4.000,4.000,4.000,4.000,4.000,4.000,4.000,4.000,4.000,4.000,4.000,4.000,4.000,4.000,4.000,4.000,4.000,4.000,4.000,4.000,4.000,4.000,4.000,4.000,4.000,4.000,4.000,4.000
63,4.000,4.000,4.000,4.000,4.000,4.000,4.000,4.000,4.000,4.000,4.000,4.000,4.000,4.000,4.000,4.000,4.000,4.000,4.000,4.000,4.000,4.000,4.000,4.000,4.000,4.000,4.000,4.000,4.000,4.000,4.000,4.000,4.000,4.000,4.000,4.000,4.000,4.000,4.000,4.000,4.000,4.000,4.000,4.000,4.000,4.000,4.000,4.000,4.000,4.000,4.000,4.000,4.000,4.000,4.000,4.000,4.000,4.000,4.000,4.000,4.000,4.000,4.000,4.000,4.000,4.000,4.000,4.000,4.000,4.000
64,4.000,4.000,4.000,4.000,4.000,4.000,4.000,4.000,4.000,4.000,4.000,4.000,4.000,4.000,4.000,4.000,4.000,4.000,4.000,4.000,4.000,4.000,4.000,4.000,4.000,4.000,4.000,4.000,4.000,4.000,4.000,4.000,4.000,4.000,4.000,4.000,4.000,4.000,4.000,4.000,4.000,4.000,4.000,4.000,4.000,4.000,4.000,4.000,4.000,4.000,4.000,4.000,4.000,4.000,4.000,4.000,4.000,4.000,4.000,4.000,4.000,4.000,4.000,4.000,4.000,4.000,4.000,4.000,4.000,4.000
65,4.000,4.000,4.000,4.000,4.000,4.000,4.000,4.000,4.000,4.000,4.000,4.000,4.000,4.000,4.000,4.000,4.000,4.000,4.000,4.000,4.000,4.000,4.000,4.000,4.000,4.000,4.000,4.000,4.000,4.000,4.000,4.000,4.000,4.000,4.000,4.000,4.000,4.000,4.000,4.000,4.000,4.000,4.000,4.000,4.000,4.000,4.000,4.000,4.000,4.000,4.000,4.000,4.000,4.000,4.000,4.000,4.000,4.000,4.000,4.000,4.000,4.000,4.000,4.000,4.000,4.000,4.000,4.000,4.000,4.000
66,4.000,4.000,4.000,4.000,4.000,4.000,4.000,4.000,4.000,4.000,4.000,4.000,4.000,4.000,4.000,4.000,4.000,4.000,4.000,4.000,4.000,4.000,4.000,4.000,4.000,4.000,4.000,4.000,4.000,4.000,4.000,4.000,4.000,4.000,4.000,4.000,4.000,4.000,4.000,4.000,4.000,4.000,4.000,4.000,4.000,4.000,4.000,4.000,4.000,4.000,4.000,4.000,4.000,4.000,4.000,4.000,4.000,4.000,4.000,4.000,4.000,4.000,4.000,4.000,4.000,4.000,4.000,4.000,4.000,4.000
67,4.000,4.000,4.000,4.000,4.000,4.000,4.000,4.000,4.000,4.000,4.000,4.000,4.000,4.000,4.000,4.000,4.000,4.000,4.000,4.000,4.000,4.000,4.000,4.000,4.000,4.000,4.000,4.000,4.000,4.000,4.000,4.000,4.000,4.000,4.000,4.000,4.000,4.000,4.000,4.000,4.000,4.000,4.000,4.000,4.000,4.000,4.000,4.000,4.000,4.000,4.000,4.000,4.000,4.000,4.000,4.000,4.000,4.000,4.000,4.000,4.000,4.000,4.000,4.000,4.000,4.000,4.000,4.000,4.000,4.000
68,4.000,4.000,4.000,4.000,4.000,4.000,4.000,4.000,4.000,4.000,4.000,4.000,4.000,4.000,4.000,4.000,4.000,4.000,4.000,4.000,4.000,4.000,4.000,4.000,4.000,4.000,4.000,4.000,4.000,4.000,4.000,4.000,4.000,4.000,4.000,4.000,4.000,4.000,4.000,4.000,4.000,4.000,4.000,4.000,4.000,4.000,4.000,4.000,4.000,4.000,4.000,4.000,4.000,4.000,4.000,4.000,4.000,4.000,4.000,4.000,4.000,4.000,4.000,4.000,4.000,4.000,4.000,4.000,4.000,4.000
69,4.000,4.000,4.000,4.000,4.000,4.000,4.000,4.000,4.000,4.000,4.000,4.000,4.000,4.000,4.000,4.000,4.000,4.000,4.000,4.000,4.000,4.000,4.000,4.000,4.000,4.000,4.000,4.000,4.000,4.000,4.000,4.000,4.000,4.000,4.000,4.000,4.000,4.000,4.000,4.000,4.000,4.000,4.000,4.000,4.000,4.000,4.000,4.000,4.000,4.000,4.000,4.000,4.000,4.000,4.000,4.000,4.000,4.000,4.000,4.000,4.000,4.000,4.000,4.000,4.000,4.000,4.000,4.000,4.000,4.000
